Gen,BestScore,AverageScore
1,3.536239E-05,1.985856E-05
2,3.819618E-05,2.757726E-05
3,3.819618E-05,2.798455E-05
4,3.819618E-05,2.698359E-05
5,3.819618E-05,2.745494E-05
6,3.819618E-05,2.761536E-05
7,3.819618E-05,2.746835E-05
8,3.819618E-05,2.736381E-05
9,3.819618E-05,2.760848E-05
10,4.841593E-05,2.56683E-05
