Gen,BestScore,AverageScore
1,0.002415608,0.0008747505
2,0.002839581,0.001322329
3,0.002882682,0.001718801
4,0.00288389,0.001723188
5,0.002888518,0.001850749
6,0.003900954,0.001653086
7,0.003900954,0.00183118
8,0.003900954,0.00187815
9,0.003900954,0.00190177
10,0.01485733,0.001993564
