Gen,BestScore,AverageScore
1,0.002783123,0.0008629411
2,0.003902313,0.00138452
3,0.004044045,0.001881163
4,0.00540137,0.002202004
5,0.00540137,0.002113682
6,0.00540137,0.00201166
7,0.00540137,0.002036614
8,0.00540137,0.002072566
9,0.00540137,0.002052396
10,0.01539131,0.002138008
