Gen,BestScore,AverageScore
1,3.101595E-05,1.970903E-05
2,3.76331E-05,2.715324E-05
3,3.76331E-05,2.711975E-05
4,3.763312E-05,2.79834E-05
5,3.821461E-05,2.754057E-05
6,3.821461E-05,2.742348E-05
7,3.821461E-05,2.764105E-05
8,3.821461E-05,2.804651E-05
9,3.821461E-05,2.829961E-05
10,5.733543E-05,2.640585E-05
