Gen,BestScore,AverageScore
1,1.117385E-05,6.90959E-06
2,1.221371E-05,9.850664E-06
3,1.221371E-05,8.626702E-06
4,1.221371E-05,9.375432E-06
5,1.221371E-05,9.176807E-06
6,1.221371E-05,9.268637E-06
7,1.221371E-05,9.223492E-06
8,1.221371E-05,9.401765E-06
9,1.221371E-05,9.033917E-06
10,1.353373E-05,9.041429E-06
